,ID,temp,pressure,humidity,wind_speed,rain_1h,snow_3h,clouds_all,weather_desc,weather_map_main
0,2015-01- Barcelona,0.3480791261864798,0.06740214039722152,0.6456897106825482,0.39033879072783273,0.06201624921878756,0.0,0.2923243965589242,0.3333333333333333,0.3333333333333333
1,2015-01-Bilbao,0.15678349242180198,0.06778318488512254,0.8817567056001568,0.2770951531852813,0.3648863035430989,0.09075519608765166,0.7333947618701218,0.6666666666666666,0.6666666666666666
2,2015-01-Madrid,0.06322008035200723,0.06416388545366451,0.7722045340910979,0.3676446749878424,0.023941156675159843,0.0,0.3091660537284159,0.3333333333333333,0.3333333333333333
3,2015-01-Seville,0.25891520885936736,0.06834700608649572,0.8410134836042858,0.5035824282703841,0.03865198788519783,0.0,0.31801122417913424,0.3333333333333333,0.3333333333333333
4,2015-01-Valencia,0.2691114634101881,0.06731335700764016,0.6429089019838395,0.7975339786179219,0.009794056751917902,0.0,0.22540918408701457,0.3333333333333333,0.3333333333333333
5,2015-02- Barcelona,0.29632032989125145,1.0,0.5293435795244802,0.5125628140703518,0.23248882265275708,0.0,0.3916311701327988,0.3333333333333333,0.6666666666666666
6,2015-02-Bilbao,0.1475399044508709,0.06751123600323264,0.9210726826722814,0.3100502512562814,0.5215030870768576,1.0,1.0,0.6666666666666666,1.0
7,2015-02-Madrid,0.20861732022849264,0.06331293273163534,0.7704682727946869,0.6143216080402011,0.03225463061528635,0.0,0.5072872295999332,0.6666666666666666,0.6666666666666666
8,2015-02-Seville,0.3067324968730548,0.06803226601036205,0.7902790581922328,0.5474874371859296,0.026186927826272084,0.0,0.3373423536289986,0.3333333333333333,0.3333333333333333
9,2015-02-Valencia,0.2965438060989205,0.0671768936301371,0.6156804070871591,1.0,0.02682563338301043,0.007496876301541026,0.46439906456193103,0.3333333333333333,0.6666666666666666
10,2015-03- Barcelona,0.37908155824024975,0.0674873412324835,0.7598145421871115,0.6867239422921058,0.25123792125378586,0.0,0.4710194712296215,0.6666666666666666,0.6666666666666666
11,2015-03-Bilbao,0.24434796595158495,0.06776600886184181,0.8795162013348248,0.1840697430625537,0.3832852274482352,0.05939328779002469,0.7831429599506022,0.3333333333333333,1.0
12,2015-03-Madrid,0.30895248411985343,0.06687826401843552,0.7039310104454857,0.418360983923656,0.12910964330773256,0.0,0.38319597290404084,0.3333333333333333,0.3333333333333333
13,2015-03-Seville,0.44468263855599316,0.06756720032258799,0.7020128341002274,0.40372831901442696,0.14681986442959472,0.0,0.2677314279709993,0.3333333333333333,0.3333333333333333
14,2015-03-Valencia,0.3709005529393566,0.06741342492373457,0.6703850265208908,0.43585897184441724,0.3468919051735723,0.0,0.44987898410724264,0.3333333333333333,0.6666666666666666
15,2015-04- Barcelona,0.4339950519828994,0.06760434325724975,0.8260971198704481,0.44626465661641546,0.044709388971684055,0.0,0.3545700047328712,0.3333333333333333,0.6666666666666666
16,2015-04-Bilbao,0.37679791288864084,0.06753221782707883,0.7377635510710667,0.1962814070351759,0.14098360655737704,0.0,0.6120688215150756,0.6666666666666666,0.6666666666666666
17,2015-04-Madrid,0.3996009994502203,0.06634463214075682,0.6482416382968057,0.4929313232830821,0.08375558867362146,0.0,0.4573317742698851,0.6666666666666666,0.6666666666666666
18,2015-04-Seville,0.5411316742842607,0.06750434282026531,0.6741871484150096,0.4066331658291457,0.11117734724292101,0.0,0.5117430886160528,0.6666666666666666,0.6666666666666666
19,2015-04-Valencia,0.426315983818425,0.06697324574325417,0.6496704804570775,0.3867001675041876,0.04709388971684053,0.0,0.4003674935271027,0.6666666666666666,0.6666666666666666
20,2015-05- Barcelona,0.5495949345359841,0.06752580179761744,0.8848507809264563,0.5033554871129843,0.03201769145714148,0.0,0.29089106403386117,0.3333333333333333,0.3333333333333333
21,2015-05-Bilbao,0.4540295051956429,0.06752473344858594,0.7475066938758589,0.21877127573350624,0.36430940820152874,0.0,0.718401349272422,0.6666666666666666,1.0
22,2015-05-Madrid,0.5944879061705821,0.06377678698791833,0.47216137103279526,0.5510131301669638,0.006634296428056343,0.0,0.2353682883261532,0.3333333333333333,0.3333333333333333
23,2015-05-Seville,0.714411212302571,0.067711961616356,0.48932938191411995,0.469087372345599,0.006634296428056343,0.0,0.203589797474425,0.3333333333333333,0.3333333333333333
24,2015-05-Valencia,0.5855941710119202,0.06566010827227774,0.5650794650132981,0.34903550008105044,0.01442238353925292,0.0,0.23700907687458073,0.3333333333333333,0.3333333333333333
25,2015-06- Barcelona,0.6923986939075777,0.0673934687707077,0.7942713983651589,0.4932270045881582,0.22510205404004405,0.0,0.20496388613510835,0.3333333333333333,0.3333333333333333
26,2015-06-Bilbao,0.546869691959267,0.06736091993042288,0.8094320103179704,0.15407035175879397,0.1427719821162444,0.0,0.5397867423926056,0.3333333333333333,1.0
27,2015-06-Madrid,0.7227788311161705,0.06534930329407433,0.42644948562714274,0.3956847951669706,0.023481717864352623,0.0,0.2172950079507146,0.3333333333333333,0.3333333333333333
28,2015-06-Seville,0.8230437177414721,0.06752513407947275,0.4732296940916252,0.47463986599664987,0.009538002980625931,0.0,0.14335588407249647,0.3333333333333333,0.3333333333333333
29,2015-06-Valencia,0.6902374408575426,0.06639598644396699,0.6193872640258726,0.3309066106154039,0.051124752818590524,0.0,0.18402347109250664,0.3333333333333333,0.3333333333333333
30,2015-07- Barcelona,0.8016906299490428,0.06724542356555836,0.7013402423629246,0.5819497487437186,0.08154992548435172,0.0,0.3106589827111,0.6666666666666666,0.6666666666666666
31,2015-07-Bilbao,0.6479559759100524,0.06747387360221864,0.7929729574183294,0.32442842484674683,0.03342670547202348,0.0,0.6579594663910028,1.0,0.6666666666666666
32,2015-07-Madrid,0.9177624049719071,0.06732820490813966,0.2944313039198261,0.4385417017975785,0.001152241970813871,0.0,0.055561254433212984,0.3333333333333333,0.3333333333333333
33,2015-07-Seville,1.0,0.06713668069115131,0.41894068025473236,0.41227825876369806,0.006033074174492306,0.0,0.01408792272573129,0.3333333333333333,0.3333333333333333
34,2015-07-Valencia,0.8323318716613467,0.06725064965023768,0.6807831932688095,0.4051355975588398,0.010643951047414326,0.0,0.26799172131934923,0.6666666666666666,0.6666666666666666
35,2015-08- Barcelona,0.733717900129702,0.06725877420817283,0.7418977720677665,0.5397626430022453,0.1640929701620319,0.0,0.3717806554108446,0.6666666666666666,0.6666666666666666
36,2015-08-Bilbao,0.6505791469901614,0.06732754236966537,0.7680866586741134,0.34274497487437183,0.030737704918032786,0.0,0.4826458489935689,0.6666666666666666,0.6666666666666666
37,2015-08-Madrid,0.7848272149454187,0.06733011706010072,0.37785788388529956,0.47326175111482344,0.004602789642125114,0.0,0.10598914581938047,0.3333333333333333,0.3333333333333333
38,2015-08-Seville,0.9599992796636095,0.06708966049472544,0.47670936957383686,0.4389949748743719,0.0020164234489242743,0.0,0.0753184598231928,0.3333333333333333,0.3333333333333333
39,2015-08-Valencia,0.7812622513262532,0.06723978272451216,0.6678162224803861,0.4454421640914855,0.04097266300422421,0.0,0.3972489503251475,0.6666666666666666,0.6666666666666666
40,2015-09- Barcelona,0.6013220201260636,0.06727930354686149,0.7333641188064695,0.5511590650801692,0.20203283561482518,0.0,0.4541526336163726,0.6666666666666666,0.6666666666666666
41,2015-09-Bilbao,0.5168489971419159,0.06739666347320698,0.8085450830364276,0.2765829145728643,0.04292101341281669,0.0,0.5914259464748065,1.0,0.6666666666666666
42,2015-09-Madrid,0.5256582555416903,0.06734205680086329,0.46446431273185573,0.42304082395448317,0.013893165498639011,0.0,0.182255805590126,0.3333333333333333,0.3333333333333333
43,2015-09-Seville,0.8267290268908681,0.06717466243545048,0.5935774671005842,0.46172311626532114,0.007926589344364231,0.0,0.16394479919079216,0.3333333333333333,0.3333333333333333
44,2015-09-Valencia,0.6520545807771411,0.0672659747260629,0.6789502429962907,0.42187669650190013,0.03596566913400844,0.0,0.3195777757572267,0.6666666666666666,0.6666666666666666
45,2015-10- Barcelona,0.5323363103963571,0.0672634899184105,0.7730149450064292,0.5056381243968185,0.06992429999703911,0.0,0.46411976616260764,0.6666666666666666,0.6666666666666666
46,2015-10-Bilbao,0.44842724952037977,0.06727408973453662,0.7948532702674163,0.29652851413028447,0.08578577385916836,0.0,0.5618881014392475,0.6666666666666666,0.6666666666666666
47,2015-10-Madrid,0.46840204485217485,0.06731413407740282,0.6955003805435165,0.3565989949748744,0.022318926974664678,0.0,0.3865043013446922,0.3333333333333333,0.6666666666666666
48,2015-10-Seville,0.7311889064271997,0.06720663115302085,0.726539515468733,0.36716573883538356,0.06308672703167537,0.0,0.30242628713063957,0.3333333333333333,0.6666666666666666
49,2015-10-Valencia,0.552870722842911,0.06726716466502486,0.7403551361535231,0.3333881202257939,0.02761673785275069,0.0,0.37781791873538517,0.6666666666666666,0.6666666666666666
50,2015-11- Barcelona,0.4322622373371161,0.0677413811668328,0.7531147575504089,0.6363228886816353,0.030020930434172338,0.0,0.27625870119125373,0.6666666666666666,0.6666666666666666
51,2015-11-Bilbao,0.3449185423453437,0.06786646767775664,0.8394326027809301,0.32890854271356784,0.0763994038748137,0.0,0.5713281550154515,0.6666666666666666,0.6666666666666666
52,2015-11-Madrid,0.32946567838020535,0.06787259206991492,0.7517934851542643,0.2971565647165871,0.0259056871078729,0.0,0.22708432794088482,0.3333333333333333,0.3333333333333333
53,2015-11-Seville,0.5785574521925729,0.06779766958401191,0.7230085351264514,0.36227740644972434,0.021133092595769662,0.0,0.10909984358009406,0.3333333333333333,0.3333333333333333
54,2015-11-Valencia,0.44422011580809895,0.06776202309064083,0.7316004176807056,0.3269310541627807,0.03299329978409039,0.0,0.1822743832903812,0.3333333333333333,0.3333333333333333
55,2015-12- Barcelona,0.3547370901592962,0.06818333728541064,0.8228490176508388,0.5212640383123672,0.010658238230028306,0.0,0.36427465152297367,0.6666666666666666,0.6666666666666666
56,2015-12-Bilbao,0.32476430863154093,0.06800724474186984,0.6990450408571572,0.4119798994974874,0.014879284649776453,0.0,0.23279311784849246,0.3333333333333333,0.3333333333333333
57,2015-12-Madrid,0.22385845726473924,0.06818824559299644,0.800857257455555,0.19341567651340816,0.010601318399694375,0.0,0.3716399281561083,0.3333333333333333,0.3333333333333333
58,2015-12-Seville,0.48883619027300257,0.0680845794476391,0.7314826452371148,0.2938386712679865,0.012066148348984613,0.0,0.15000820118358676,0.3333333333333333,0.3333333333333333
59,2015-12-Valencia,0.3431523511750118,0.06818648664451311,0.8079643781277965,0.19675798346571569,0.011249459160617276,0.0,0.32998709461880626,0.3333333333333333,0.6666666666666666
60,2016-01- Barcelona,0.35231403384358445,0.06750477934162481,0.7132251404820826,0.6783231594212674,0.010946298722731774,0.0,0.325061589919601,0.6666666666666666,0.6666666666666666
61,2016-01-Bilbao,0.27628633949381165,0.06747894031638554,0.7813507210329533,0.4568594953660121,0.08436980209115683,0.0,0.598155877108719,1.0,0.6666666666666666
62,2016-01-Madrid,0.24310236275631095,0.06766660320235203,0.8448405653093236,0.5082846137301292,0.04898896472539388,0.0,0.6528229372118396,1.0,0.6666666666666666
63,2016-01-Seville,0.46006870239324116,0.0678091470923099,0.8485730491296648,0.3890569664755098,0.04022123208133014,0.0,0.485034845732809,0.6666666666666666,0.6666666666666666
64,2016-01-Valencia,0.37172023136274684,0.06761865913427183,0.6527677502564277,0.6152374777111363,0.012114802172972452,0.0,0.3150691205750573,0.3333333333333333,0.6666666666666666
65,2016-02- Barcelona,0.3623387075820444,0.06725933416685333,0.6966389499796163,0.7182541113025673,0.026171349641961394,0.0,0.2744712187788378,0.6666666666666666,0.6666666666666666
66,2016-02-Bilbao,0.23429389876397594,0.06742871651064662,0.8292410579996449,0.4884001597947899,0.15414450423710319,0.0035287946619173673,0.7293285764658068,1.0,0.6666666666666666
67,2016-02-Madrid,0.22397241606482007,0.06749095072599706,0.7335380585835187,0.6997386934673366,0.030351288056206085,0.0,0.44552242545727894,0.6666666666666666,0.6666666666666666
68,2016-02-Seville,0.46393121131707077,0.06766716017401259,0.7538643765630383,0.5655092363224574,0.02871476249449004,0.0,0.3972910880466966,0.6666666666666666,0.6666666666666666
69,2016-02-Valencia,0.3885491652431721,0.06737985856598412,0.5613022760163923,0.7493675272916306,0.007091834112749883,0.0,0.2134572903976476,0.3333333333333333,0.3333333333333333
70,2016-03- Barcelona,0.3652164113204142,0.06713207096452688,0.7217664518373526,0.6199287149069709,0.021085020048018967,0.0,0.3256721971677189,0.6666666666666666,0.6666666666666666
71,2016-03-Bilbao,0.24794488093397618,0.06734951746816671,0.8077627826970241,0.4258103265330637,0.1125750351796985,0.0006789557029413929,0.8184337734670606,1.0,0.6666666666666666
72,2016-03-Madrid,0.26867270424805834,0.06727250358804028,0.6364700520196108,0.5191565303151271,0.03982657452858158,0.0013066206837493727,0.30449820507356506,0.3333333333333333,0.3333333333333333
73,2016-03-Seville,0.5095032781639,0.06740165607899391,0.7037305113866823,0.3863155778894472,0.028614008941877794,0.0,0.22143689969097136,0.3333333333333333,0.3333333333333333
74,2016-03-Valencia,0.3986192447614242,0.06719053854802842,0.5754570490073655,0.5178493001199025,0.017835809863234818,0.0,0.2986128977867763,0.3333333333333333,0.6666666666666666
75,2016-04- Barcelona,0.43448530520694834,0.06711919441896493,0.7544520762683697,0.6539511349852712,0.0577213628655121,0.0,0.45620992059720583,0.6666666666666666,0.6666666666666666
76,2016-04-Bilbao,0.3272753225105653,0.06713216610561301,0.7468333192391291,0.39003246686105425,0.07035749112251845,0.0,0.7270240070336584,1.0,0.6666666666666666
77,2016-04-Madrid,0.3620689338002476,0.0671370679062705,0.6882891993011712,0.4792331221324011,0.067647249400635,0.0,0.5083012865904808,0.6666666666666666,0.6666666666666666
78,2016-04-Seville,0.6122560471030525,0.06716933422914889,0.7179453812754562,0.4221105527638191,0.041270205204631434,0.0,0.3164234913170017,0.3333333333333333,0.6666666666666666
79,2016-04-Valencia,0.4892045041085593,0.06710600813380932,0.6160313603214986,0.49006571318129105,0.045397225725094574,0.0,0.378833143804329,0.6666666666666666,0.6666666666666666
80,2016-05- Barcelona,0.5170794729049998,0.06716659922761037,0.7548857668106578,0.6506305848307686,0.09575115832690623,0.0,0.3748849957800642,0.6666666666666666,0.6666666666666666
81,2016-05-Bilbao,0.4750465671592802,0.06724050563810695,0.7612085038638023,0.4340758912673604,0.0647758076440147,0.0,0.6142587225456754,1.0,0.6666666666666666
82,2016-05-Madrid,0.4842653407872048,0.06723041600884903,0.6200811196812072,0.4419877163595757,0.04967709885742673,0.0,0.3839193741473872,0.3333333333333333,0.6666666666666666
83,2016-05-Seville,0.7468031579732798,0.06717167005555305,0.6388710815224724,0.4838252514235626,0.08058405980302467,0.0,0.23145552860113683,0.3333333333333333,0.3333333333333333
84,2016-05-Valencia,0.5464948475259471,0.06719644968902895,0.6245843457364362,0.48827314140797445,0.04683681570459569,0.0,0.32231399152766627,0.6666666666666666,0.6666666666666666
85,2016-06- Barcelona,0.6723739301861866,0.06686652954555229,0.823013084316594,0.501608040201005,1.0,0.0,0.23578885826442833,0.6666666666666666,0.6666666666666666
86,2016-06-Bilbao,0.5698820804817931,0.06687326477445575,0.7939152106270118,0.23259867803749038,0.05728738304753541,0.0,0.671943407937569,1.0,0.6666666666666666
87,2016-06-Madrid,0.7217388310361595,0.06730496502658918,0.3767760491148638,0.4473670290510725,0.00951158191973777,0.0,0.10789928308222588,0.3333333333333333,0.3333333333333333
88,2016-06-Seville,0.8296458434194655,0.06749974298415748,0.4797231450972171,0.4586934673366834,0.0,0.0,0.06846237367410006,0.3333333333333333,0.3333333333333333
89,2016-06-Valencia,0.6929635381194252,0.06728713855925313,0.6076398858217538,0.2954773869346734,0.008047690014903129,0.0,0.17204265152147888,0.3333333333333333,0.3333333333333333
90,2016-07- Barcelona,0.7669120354596991,0.06747307363799109,0.7941392495563693,0.6109049922509745,0.26703861482473407,0.0,0.21275908176574865,0.6666666666666666,0.6666666666666666
91,2016-07-Bilbao,0.6221415031767358,0.06717919834150261,0.801260850875695,0.2357996880956507,0.042408693624069536,0.0,0.736508603243239,1.0,0.6666666666666666
92,2016-07-Madrid,0.8347038192092237,0.06651877205695697,0.3915314256026032,0.38890829988870523,0.006049270346772821,0.0,0.04203821013387504,0.3333333333333333,0.3333333333333333
93,2016-07-Seville,0.9371715385840091,0.06733122783398986,0.5063234027426478,0.3859620248895484,0.0014403024635173387,0.0,0.03815833948531848,0.3333333333333333,0.3333333333333333
94,2016-07-Valencia,0.7667149433398706,0.06696910292312092,0.6408706199088431,0.38148808558923647,0.006634296428056344,0.0,0.14904772296807603,0.3333333333333333,0.3333333333333333
95,2016-08- Barcelona,0.7654832495870034,0.06747407589867573,0.8106203542928498,0.4261954935970174,0.01846065093024374,0.0,0.2603384496838317,0.3333333333333333,0.6666666666666666
96,2016-08-Bilbao,0.6760738505609288,0.06699408269210885,0.7724532068197044,0.2166645307072274,0.033126956660898786,0.0,0.533369208235308,0.5,0.6666666666666666
97,2016-08-Madrid,0.8309442710813506,0.06736697390826803,0.31340518747630336,0.41076349489382397,0.01413393586846786,0.0,0.08058723525782473,0.3333333333333333,0.3333333333333333
98,2016-08-Seville,0.9169980586980464,0.06754592237104398,0.48750853227519153,0.3810342032744367,0.0,0.0,0.04837497272088005,0.3333333333333333,0.3333333333333333
99,2016-08-Valencia,0.768305022900428,0.06939202949747288,0.676562010951597,0.28662668179607714,0.008076534781981635,0.0,0.248626614182987,0.3333333333333333,0.3333333333333333
100,2016-09- Barcelona,0.6972101305254432,0.06740382111047216,0.7583896523834714,0.48828547663075983,0.08895394708675415,0.0,0.28658188173732896,0.6666666666666666,0.6666666666666666
101,2016-09-Bilbao,0.6127429118152795,0.06711427759210215,0.811492205803786,0.2584210059796949,0.0949270717271251,0.0,0.5794448635617385,0.6666666666666666,0.6666666666666666
102,2016-09-Madrid,0.6876268284118009,0.06740395451898415,0.40521730103441916,0.33347902949651304,0.0029723693499180536,0.0,0.16905905322987805,0.3333333333333333,0.3333333333333333
103,2016-09-Seville,0.8144888164898441,0.06755816677214344,0.5538902582496927,0.35408108503683466,0.0038694394893662755,0.0,0.1114741177357793,0.3333333333333333,0.3333333333333333
104,2016-09-Valencia,0.6859960633057295,0.06742008747554261,0.6486846478448017,0.31801727082012005,0.03720614893621419,0.0,0.29666750187922825,0.6666666666666666,0.6666666666666666
105,2016-10- Barcelona,0.575387427255249,0.0676279191152285,1.0,0.38822839027351524,0.10197341441702758,0.0,0.5292068227337012,0.3333333333333333,0.6666666666666666
106,2016-10-Bilbao,0.41056200391856384,0.06564034536872271,0.8319820620445442,0.16499139995278406,0.050698646715810314,0.0,0.5264193428502723,0.3333333333333333,0.6666666666666666
107,2016-10-Madrid,0.441987686763593,0.0639871605669992,0.7345811514745493,0.26833766146167076,0.05300313065743806,0.0,0.44230525393544873,0.3333333333333333,0.3333333333333333
108,2016-10-Seville,0.5881609244713527,0.06776172803889172,0.7600935179994806,0.33904826144143535,0.05271507016473459,0.0,0.40505096197989104,0.3333333333333333,0.6666666666666666
109,2016-10-Valencia,0.5254823403861499,0.0657677528023502,0.8174621621252103,0.20918552494013692,0.04925834425229298,0.0,0.5243098986141638,0.3333333333333333,0.6666666666666666
110,2016-11- Barcelona,0.4042124936825501,0.06726982082810576,0.8151256144173933,0.40673000630683787,0.05126193909627905,0.0,0.3765232907645441,0.3333333333333333,0.6666666666666666
111,2016-11-Bilbao,0.2898069062829021,0.06727851715214815,0.8457787714318071,0.3203944249549635,0.07895846807074769,0.0,0.6480997338350912,0.6666666666666666,0.6666666666666666
112,2016-11-Madrid,0.2744189598875445,0.06718658043494306,0.8206397663603829,0.3138072496477425,0.10623749597837381,0.0,0.5491636579325816,0.3333333333333333,0.6666666666666666
113,2016-11-Seville,0.5574135122715748,0.06731604927109995,0.7859498952751888,0.39850867239422927,0.05220902841209557,0.0,0.2981331652131274,0.3333333333333333,0.3333333333333333
114,2016-11-Valencia,0.4298259086171777,0.06721496098925057,0.7111607280730247,0.42510098174797695,0.0441489988101861,0.0,0.34413670540733,0.6666666666666666,0.6666666666666666
115,2016-12- Barcelona,0.2963968916934035,0.06801798712152851,0.8522942071124218,0.2933866117737281,0.0387840482645934,0.0,0.32169301946783213,0.3333333333333333,0.3333333333333333
116,2016-12-Bilbao,0.24422454409469613,0.06805430582046637,0.8340355367799971,0.25644626534861426,0.021382278856931763,0.0,0.4668097386799521,0.3333333333333333,0.6666666666666666
117,2016-12-Madrid,0.21422548310168088,0.06797112550114706,0.8452738786104639,0.2471339749595435,0.040530739058107765,0.0,0.5018070319235229,0.3333333333333333,0.6666666666666666
118,2016-12-Seville,0.4833405295057591,0.0678250386516048,0.8424291197471006,0.3957830389058696,0.046460890807688164,0.0,0.19779813859534467,0.3333333333333333,0.3333333333333333
119,2016-12-Valencia,0.35387508976602466,0.06799569731330474,0.8403289536648392,0.33814232452585513,0.03576751117734724,0.0,0.44065545326446875,0.6666666666666666,0.6666666666666666
120,2017-01- Barcelona,0.23518818524644544,0.06756405745453765,0.7926874083680799,0.4037967615857063,0.0468384074941452,0.0,0.3693681152964541,0.3333333333333333,0.6666666666666666
121,2017-01-Bilbao,0.15228211037215666,0.06777949577033456,0.8266753676505193,0.42359536375344053,0.07333238472541544,0.0,0.5158541391497704,0.6666666666666666,0.6666666666666666
122,2017-01-Madrid,0.1464549904550221,0.06755509677427816,0.7576827397400465,0.3414498233742972,0.017529621814640482,0.0,0.3979200726386846,0.3333333333333333,0.6666666666666666
123,2017-01-Seville,0.39170306743279876,0.06773018306004971,0.7629492535347501,0.2877517561281207,0.010815639984662031,0.0,0.10175680426849004,0.3333333333333333,0.3333333333333333
124,2017-01-Valencia,0.29007708179032515,0.06752217069980328,0.7075994425985316,0.5076643269969149,0.0440141759528214,0.0,0.2696281109708641,0.3333333333333333,0.3333333333333333
125,2017-02- Barcelona,0.3591316094225144,0.06749975601373615,0.8329336800014255,0.46836758901805164,0.05127188297525313,0.0,0.4518005282988297,0.3333333333333333,0.6666666666666666
126,2017-02-Bilbao,0.27555527885625164,0.06694821563068469,0.7951937555057969,0.42965044843544226,0.06378452212885642,0.0,0.5642006373784647,0.6666666666666666,0.6666666666666666
127,2017-02-Madrid,0.2434256615986347,0.0664943896620392,0.7912638592851178,0.5384637473079684,0.06335959122844369,0.0,0.5172399804321629,0.3333333333333333,0.6666666666666666
128,2017-02-Seville,0.4496025633673401,0.0676001630915823,0.8344635319589729,0.4441646434419288,0.0681190240961838,0.0,0.5084867919110133,0.3333333333333333,0.6666666666666666
129,2017-02-Valencia,0.3612698130221588,0.06700292125734417,0.7112329634346185,0.5582914572864321,0.018203108367042795,0.0,0.35390044266265763,0.6666666666666666,0.6666666666666666
130,2017-03- Barcelona,0.3965636249510933,0.06743810909506656,0.7357619078509682,0.3913503688656046,0.055648920315819514,0.0,0.2619537576568556,0.3333333333333333,0.3333333333333333
131,2017-03-Bilbao,0.33196489135293206,0.067509454120015,0.7644895624626804,0.4068008435962195,0.05031543670802993,0.0,0.5975595348601711,0.6666666666666666,0.6666666666666666
132,2017-03-Madrid,0.321694435718163,0.0674940073285967,0.6557359999238186,0.48178636372524103,0.021432672067359826,0.0,0.3021610556306814,0.3333333333333333,0.3333333333333333
133,2017-03-Seville,0.5561500266201486,0.06750853678848129,0.7196371445858939,0.4597418464873387,0.056666958884895244,0.0,0.2424802210201712,0.3333333333333333,0.3333333333333333
134,2017-03-Valencia,0.435652963953035,0.06747496618953532,0.6789989375360274,0.47793807748419515,0.012980145185327628,0.0,0.21053014443788848,0.3333333333333333,0.3333333333333333
135,2017-04- Barcelona,0.4378404426232442,0.06745148739549867,0.7338478974005285,0.36013991258872385,0.048628285209907654,0.0,0.2776613730962509,0.3333333333333333,0.3333333333333333
136,2017-04-Bilbao,0.35052265039441716,0.06763298574356727,0.7530798553291607,0.3580422661251463,0.03204377028765082,0.0,0.48829867201202704,0.6666666666666666,0.6666666666666666
137,2017-04-Madrid,0.4475545811937724,0.06743682844531469,0.4940529724133462,0.41936511827429834,0.02966086292755625,0.0,0.19798204496702948,0.3333333333333333,0.3333333333333333
138,2017-04-Seville,0.6879246729278844,0.06729151182492128,0.5963747029540248,0.47908966319199303,0.024830338337993127,0.0,0.15394140949367482,0.3333333333333333,0.3333333333333333
139,2017-04-Valencia,0.47566718188618506,0.067470523625798,0.664803932275207,0.35501780748402206,0.007738878978732551,0.0,0.2935536997078378,0.6666666666666666,0.6666666666666666
140,2017-05- Barcelona,0.5834665017254499,0.06734039039451056,0.6519732562561201,0.38712277967376996,0.0177881205320497,0.0,0.21315607174967208,0.3333333333333333,0.6666666666666666
141,2017-05-Bilbao,0.5061727316958486,0.06730030699176569,0.749731353378149,0.3084781706698631,0.03515810404064277,0.0,0.4573409437288946,0.6666666666666666,0.6666666666666666
142,2017-05-Madrid,0.5935568777104241,0.06730782206134378,0.4822633966124809,0.42334381068690063,0.033630010509378284,0.0,0.2156911483773417,0.3333333333333333,0.3333333333333333
143,2017-05-Seville,0.7180555463411542,0.06720248983060648,0.5934721648102019,0.43266331658291457,0.03281859403240638,0.0,0.1979347148104512,0.3333333333333333,0.3333333333333333
144,2017-05-Valencia,0.6244893295890788,0.06729325782509465,0.6131060855648827,0.4491165504944076,0.0002884476707850584,0.0,0.20581523481597036,0.6666666666666666,0.6666666666666666
145,2017-06- Barcelona,0.7535644143431661,0.06728227605664204,0.6081277117556123,0.41640478253335644,0.01687239837607277,0.0,0.19030681101443767,0.3333333333333333,0.3333333333333333
146,2017-06-Bilbao,0.5897588557747194,0.06739384397704616,0.8217680018334977,0.34285943699857474,0.04000627082419665,0.0,0.6741319767079125,1.0,0.6666666666666666
147,2017-06-Madrid,0.7940168296552129,0.06731898069002414,0.3737428414988588,0.4831012203876526,0.03357766355424435,0.0,0.13086587679421557,0.3333333333333333,0.3333333333333333
148,2017-06-Seville,0.8200991305840627,0.06717550263642613,0.4600659258288946,0.43437102525073507,0.00029682581889914724,0.0,0.03427351929115753,0.3333333333333333,0.3333333333333333
149,2017-06-Valencia,0.7820812412556244,0.0672584842413635,0.5779252067678781,0.4197848747871589,0.006503183850426771,0.0,0.1922673121962432,0.6666666666666666,0.6666666666666666
150,2017-07- Barcelona,0.7793308849478633,0.06732255766576169,0.6575488217437765,0.411853660827502,0.012893495350979648,0.0,0.22323124225769667,0.3333333333333333,0.6666666666666666
151,2017-07-Bilbao,0.6104086291953904,0.06745188093587806,0.8221133159147193,0.315559448619243,0.03797075236389419,0.0,0.7034359418784008,1.0,0.6666666666666666
152,2017-07-Madrid,0.8075852211205041,0.06734631317813419,0.37460681778417093,0.43846108010407775,0.030253942260681066,0.0,0.0767207111917493,0.3333333333333333,0.3333333333333333
153,2017-07-Seville,0.8305117364858623,0.06716398759228338,0.48802877502917114,0.45070513859620687,0.0025960290370655253,0.0,0.05250523354968033,0.3333333333333333,0.3333333333333333
154,2017-07-Valencia,0.8215436203060625,0.06725965561900721,0.6354438686919786,0.41746450372668714,0.0020164234489242743,0.0,0.2715344424283497,0.6666666666666666,0.6666666666666666
155,2017-08- Barcelona,0.7894062418029382,0.06737666063132668,0.6707455462736359,0.3963873056557958,0.01641944808409766,0.0,0.28699742205196593,0.6666666666666666,0.6666666666666666
156,2017-08-Bilbao,0.6153155692967535,0.06749676761328752,0.8062663821712635,0.29107227020173526,0.034019297288890374,0.0,0.6224493882702395,1.0,0.6666666666666666
157,2017-08-Madrid,0.8044270713752267,0.06740149231264347,0.3617242609779116,0.35379014276681425,0.020749893901560387,0.0,0.10797804995013616,0.3333333333333333,0.3333333333333333
158,2017-08-Seville,0.8597220192136348,0.06717116562185017,0.4446349213265975,0.35168355144707497,0.009754775775640158,0.0,0.0354353444983834,0.3333333333333333,0.3333333333333333
159,2017-08-Valencia,0.8134728843739487,0.06731792531774261,0.6848079300791944,0.4023329498900123,0.011204280609771423,0.0,0.3275535953217363,0.6666666666666666,0.6666666666666666
160,2017-09- Barcelona,0.6374101779998759,0.0673980286495047,0.7459736481176613,0.3523200597208878,0.03601350506439915,0.0,0.40444507707679284,0.6666666666666666,0.6666666666666666
161,2017-09-Bilbao,0.5006514160404242,0.06756069663987198,0.8499107491342186,0.25850004740684557,0.051482078082758564,0.0,0.6491208993821004,1.0,0.6666666666666666
162,2017-09-Madrid,0.6363511359391398,0.06750074856830077,0.4117410558493967,0.3241059667268381,0.0,0.0,0.04937322568011035,0.3333333333333333,0.3333333333333333
163,2017-09-Seville,0.7456558420188115,0.06732233872532087,0.5065071907829274,0.31614382592574525,0.000595298382979427,0.0,0.02025917537760933,0.3333333333333333,0.3333333333333333
164,2017-09-Valencia,0.704457850114835,0.06736707428178046,0.6841701156204154,0.4001280641434319,0.0020806585449426374,0.0,0.30562394195804826,0.6666666666666666,0.6666666666666666
165,2017-10- Barcelona,0.5792747511271922,0.06767789078814564,0.8024061041079253,0.30517527878436007,0.049875015585942366,0.0,0.3712496543517736,0.6666666666666666,0.6666666666666666
166,2017-10-Bilbao,0.462737184412763,0.06776210548523817,0.8429490759598566,0.24785057362283114,0.021865421927283975,0.0,0.5049247599551822,0.3333333333333333,0.6666666666666666
167,2017-10-Madrid,0.539917848262078,0.06774183338337826,0.5230003958493571,0.23301830252178324,0.02109486242438566,0.0,0.13161723970677144,0.3333333333333333,0.3333333333333333
168,2017-10-Seville,0.6824283850427104,0.06752364328921612,0.5486835709142747,0.29971544469334627,0.012640726841793402,0.0,0.06856122393189228,0.3333333333333333,0.3333333333333333
169,2017-10-Valencia,0.6196935673574828,0.0676593931079041,0.7311904403822753,0.29100131530133894,0.0020164234489242743,0.0,0.2869409190813559,0.6666666666666666,0.6666666666666666
170,2017-11- Barcelona,0.346970390983636,0.06743653204912314,0.7563066537964471,0.319656535102698,0.014584810382995963,0.0,0.18340294789489944,0.3333333333333333,0.3333333333333333
171,2017-11-Bilbao,0.27560477295471,0.06767689309563686,0.8253128374170393,0.3030948500985252,0.0765822695221899,0.0,0.5572266228593712,0.6666666666666666,0.6666666666666666
172,2017-11-Madrid,0.2754845471591323,0.06759882799696834,0.6551331251517143,0.2501395868230039,0.01206969512980442,0.0,0.20192758810203618,0.3333333333333333,0.3333333333333333
173,2017-11-Seville,0.4279755314679658,0.0675059815750633,0.650828198612615,0.2984924623115578,0.03331095134373823,0.0,0.09561898887882352,0.3333333333333333,0.3333333333333333
174,2017-11-Valencia,0.419816018692509,0.06748336756761357,0.5903381634255905,0.363249581239531,0.005663189269746647,0.0,0.15224254572788776,0.3333333333333333,0.3333333333333333
175,2017-12- Barcelona,0.25958254794954944,0.06760343516057297,0.7312833343109708,0.4788458421137948,0.011826354502187393,0.0,0.23306741243065715,0.3333333333333333,0.3333333333333333
176,2017-12-Bilbao,0.21418888475290124,0.06781195476914248,0.8642887461453657,0.3622049642150145,0.10296707763175722,0.0,0.7851478958970817,1.0,0.6666666666666666
177,2017-12-Madrid,0.18122947407731668,0.06780406837278191,0.7683740631815771,0.45251952457501615,0.017027857966041882,0.0,0.3830760268538721,0.3333333333333333,0.3333333333333333
178,2017-12-Seville,0.3188304655944399,0.06794574419273601,0.7439696104086682,0.4134777473022483,0.01824000570000178,0.0,0.24123867014194955,0.3333333333333333,0.3333333333333333
179,2017-12-Valencia,0.32684785661364835,0.06771178355818408,0.6078488956299315,0.6009401847949425,0.0,0.0,0.16166482111632896,0.3333333333333333,0.3333333333333333
180,2018-01- Barcelona,0.3360686086335288,0.06752776853106178,0.7583931359010839,0.43565420686319295,0.03471552555448408,0.0,0.2637109968016272,0.3333333333333333,0.3333333333333333
181,2018-01-Bilbao,0.24003226439262076,0.06769845520882681,0.8602259112579109,0.39255218156272553,0.0818958883128681,0.0,0.7377177995578214,1.0,0.6666666666666666
182,2018-01-Madrid,0.1742314633489348,0.06764138896845293,0.8351420642440844,0.38014292917876585,0.06633697574760596,0.0,0.4708101879748466,0.3333333333333333,0.6666666666666666
183,2018-01-Seville,0.3119175904670046,0.06780692992143984,0.8026727341027986,0.38281432739143284,0.03814591345512481,0.0,0.3021453000709397,0.3333333333333333,0.3333333333333333
184,2018-01-Valencia,0.36983767602809725,0.06762266544313994,0.6346277068610886,0.5796077159993516,0.004615162732560935,0.0,0.20851216311970752,0.3333333333333333,0.3333333333333333
185,2018-02- Barcelona,0.2262455456017526,0.06704543679162919,0.8220133932776083,0.33985619968601927,0.06980022152726253,0.0,0.5554180215041619,0.3333333333333333,0.6666666666666666
186,2018-02-Bilbao,0.1556935495857405,0.0673306548331309,0.8684481249360688,0.3766708898600652,0.10395882852112824,0.0,0.8377603148159847,1.0,0.6666666666666666
187,2018-02-Madrid,0.15719803527145884,0.06705055644321938,0.6987140491485584,0.41087651697221284,0.07181776947862609,0.0,0.4885907653221065,0.3333333333333333,0.6666666666666666
188,2018-02-Seville,0.2942358125368094,0.06725711942445535,0.6810363384711282,0.3953666140923596,0.021617152740761692,0.0,0.20502480947094467,0.3333333333333333,0.3333333333333333
189,2018-02-Valencia,0.30290679590278985,0.06707254916495438,0.6652556919868163,0.5155644492895383,0.027742408372325795,0.0,0.349997002914805,0.6666666666666666,0.6666666666666666
190,2018-03- Barcelona,0.3486812039638669,0.06655326839208657,0.7248229886824504,0.5229296086732877,0.05407371768543835,0.0,0.3589651519067508,0.3333333333333333,0.6666666666666666
191,2018-03-Bilbao,0.28330923924297413,0.06662138533886391,0.6892261906517209,0.6354281209971426,0.0712544928552643,0.0,0.6367581961373876,1.0,0.6666666666666666
192,2018-03-Madrid,0.25455511578680023,0.06672467213509273,0.7659385803693387,0.7908912859889435,0.1667729484216715,0.0,0.6497671011265216,0.6666666666666666,0.6666666666666666
193,2018-03-Seville,0.3959290421975779,0.06703566623423798,0.7784092837080313,0.7136511573411097,0.14733249422793296,0.0,0.4931224789455031,0.3333333333333333,0.6666666666666666
194,2018-03-Valencia,0.4362888061639379,0.06670379960203203,0.5330754331458424,0.8246778982395152,0.008953912623131343,0.0,0.2831431285668663,0.6666666666666666,0.6666666666666666
195,2018-04- Barcelona,0.4667283782952053,0.06710543458740122,0.7445391863561474,0.40790546439447584,0.036990750273699746,0.0,0.3285230345568912,0.3333333333333333,0.3333333333333333
196,2018-04-Bilbao,0.3976432013292642,0.06701882785686838,0.7439534224000159,0.44102479611170603,0.08208936991522318,0.0,0.5708472478376895,0.6666666666666666,0.6666666666666666
197,2018-04-Madrid,0.3800167395603403,0.06701972293064548,0.6940119711927195,0.5533208209723315,0.07383333632592964,0.0,0.4284982576258429,0.3333333333333333,0.6666666666666666
198,2018-04-Seville,0.4714135775671414,0.06714981919754415,0.7294911256270189,0.5625094348603641,0.046463884614686535,0.0,0.2761694190819737,0.3333333333333333,0.3333333333333333
199,2018-04-Valencia,0.5032471362222751,0.06707692604912487,0.6010474061515885,0.6244891122278057,0.008047690014903129,0.0,0.2973328878866338,0.6666666666666666,0.6666666666666666
200,2018-05- Barcelona,0.5416528243337655,0.06719882752395713,0.7602314831502293,0.3637158122628955,0.02968844801281787,0.0,0.38953785675213237,0.6666666666666666,0.6666666666666666
201,2018-05-Bilbao,0.4129009011270242,0.06730497510020776,0.8441303229066107,0.3350399054094,0.05498378188831419,0.0,0.6852725822643432,1.0,0.6666666666666666
202,2018-05-Madrid,0.4992554420258796,0.06706063404929795,0.6374704568427807,0.35562267295024347,0.07311027543763465,0.0,0.3300690803011439,0.6666666666666666,0.6666666666666666
203,2018-05-Seville,0.557017217282308,0.06723006403652698,0.6691602023162917,0.4135006156610869,0.015633481706655086,0.0,0.21537996916904095,0.3333333333333333,0.3333333333333333
204,2018-05-Valencia,0.5931408698589181,0.06708199180411589,0.6208823456769977,0.4377694926244124,0.0023075813662804673,0.0,0.2822910688834825,0.6666666666666666,0.6666666666666666
205,2018-06- Barcelona,0.6846242203724588,0.06723174453294228,0.6961638233893677,0.3789818658509941,0.029741463098555045,0.0,0.2120749948253135,0.3333333333333333,0.3333333333333333
206,2018-06-Bilbao,0.5492200712198941,0.06738433458002988,0.8421087315074007,0.34086561841465396,0.0325945867987116,0.0,0.6831338253004745,1.0,0.6666666666666666
207,2018-06-Madrid,0.6646171948806863,0.06731544941938965,0.5446901235677507,0.3909712496910784,0.045442329774498545,0.0,0.2632644762190338,0.3333333333333333,0.3333333333333333
208,2018-06-Seville,0.6818561614513051,0.06722225105050542,0.5858734829137298,0.48068203084387456,0.001776041934323449,0.0,0.13100648873759063,0.3333333333333333,0.3333333333333333
209,2018-06-Valencia,0.7325762921873846,0.06719836172237184,0.6114737098359485,0.4861306532663317,0.0026825633383010428,0.0,0.20831036498788943,0.6666666666666666,0.6666666666666666
210,2018-07- Barcelona,0.7958745229026211,0.0672312045521818,0.6512498188797113,0.4132835760572299,0.009493253636883048,0.0,0.13194567132616755,0.3333333333333333,0.3333333333333333
211,2018-07-Bilbao,0.6478114118943875,0.06738497050207244,0.8301970413166596,0.3240647682858738,0.03094173585976865,0.0,0.679083493415741,1.0,0.6666666666666666
212,2018-07-Madrid,0.7844035486067968,0.06734355925866103,0.36830448861993326,0.4389041984114119,0.002019133695495409,0.0,0.07357144974041055,0.3333333333333333,0.3333333333333333
213,2018-07-Seville,0.7490180993187443,0.06725292764915561,0.5765248056008478,0.46545631382720054,0.0,0.0,0.1172126532008848,0.3333333333333333,0.3333333333333333
214,2018-07-Valencia,0.8385898349787461,0.06715455050917181,0.6321086366839246,0.47680337169719567,0.0,0.0,0.22224197993873313,0.6666666666666666,0.6666666666666666
215,2018-08- Barcelona,0.8044270713752268,0.06735201147961906,0.6722091983994264,0.4041079570035609,0.02018140365768202,0.0,0.27628256291888537,0.6666666666666666,0.6666666666666666
216,2018-08-Bilbao,0.6291206676827037,0.0675176779525616,0.8144186420640167,0.31327992748890343,0.021915902074183587,0.0,0.5522744477461556,0.6666666666666666,0.6666666666666666
217,2018-08-Madrid,0.8328098278146253,0.06740169371067573,0.3625794119892208,0.3464566507638057,0.014002194788468827,0.0,0.07710824721802484,0.3333333333333333,0.3333333333333333
218,2018-08-Seville,0.880158469293733,0.06715508468368755,0.47187386845822765,0.4377694926244124,0.0,0.0,0.04675304381094021,0.3333333333333333,0.3333333333333333
219,2018-08-Valencia,0.8485834438230784,0.0672778557932239,0.6337241273410189,0.47135678391959795,0.0005768953415701168,0.0,0.33883226506952474,0.6666666666666666,0.6666666666666666
220,2018-09- Barcelona,0.7153691613643934,0.06752669852577792,0.7571958276108494,0.3510485579329115,0.03952480771303038,0.0,0.3402033839440241,0.6666666666666666,0.6666666666666666
221,2018-09-Bilbao,0.5917276135742024,0.06762002221707626,0.808608042285359,0.31181901298558456,0.01526602392247926,0.0,0.47668951447185715,0.6666666666666666,0.6666666666666666
222,2018-09-Madrid,0.719417669760993,0.06758639712827795,0.5021019271984347,0.28317062149986993,0.03625480696995416,0.0,0.17136103917738618,0.3333333333333333,0.3333333333333333
223,2018-09-Seville,0.7891096117294393,0.06733679946019534,0.5912845984386929,0.4010634891911079,0.00445855402487708,0.0,0.11324371803316466,0.3333333333333333,0.3333333333333333
224,2018-09-Valencia,0.7492968514221668,0.06747895528283432,0.7470950682481827,0.3990227379993892,0.006817564285184972,0.0,0.37743763246309725,0.6666666666666666,0.6666666666666666
225,2018-10- Barcelona,0.5428924231719752,0.06717421134597394,0.7851417117072437,0.401680618199834,0.08985385010237552,0.0,0.42549256954909115,0.3333333333333333,0.6666666666666666
226,2018-10-Bilbao,0.4154374730100524,0.06732764381035156,0.8110645539281676,0.38296143932095716,0.05142738006069358,0.0,0.5977594665718073,0.6666666666666666,0.6666666666666666
227,2018-10-Madrid,0.45140261946080773,0.0672306342403987,0.6785149672910163,0.3659329859630255,0.08394146534609907,0.0,0.42660808467267836,0.3333333333333333,0.6666666666666666
228,2018-10-Seville,0.5815069315067418,0.06714749954503507,0.7055731404448142,0.42012674337746175,0.07312261423462896,0.0,0.2868412151884822,0.3333333333333333,0.3333333333333333
229,2018-10-Valencia,0.5649069887664421,0.06717000097286534,0.7322100235617962,0.4025246231155779,0.044065573770491806,0.0,0.3604617055040508,0.6666666666666666,0.6666666666666666
230,2018-11- Barcelona,0.3964391646454935,0.06720737678371552,0.8442187008654517,0.40522613065326635,0.0731673651466808,0.0,0.4961714192503603,0.3333333333333333,0.6666666666666666
231,2018-11-Bilbao,0.33672877836541354,0.0670340426514405,0.7464399586247673,0.4090867560945222,0.05409466566491359,0.0,0.4770154334856734,0.6666666666666666,0.6666666666666666
232,2018-11-Madrid,0.296828057996178,0.06710956214472774,0.8560018691173708,0.4489865055615154,0.06242569366533265,0.0,0.7053448286109415,1.0,0.6666666666666666
233,2018-11-Seville,0.4271842130196334,0.06731878933604524,0.8510686292240957,0.3603055063113978,0.08709436408701529,0.0,0.41058163360930794,0.3333333333333333,0.6666666666666666
234,2018-11-Valencia,0.4311273664079346,0.06715212027229307,0.7565097220313115,0.49654600374637975,0.03424234907762542,0.0,0.3847198149067865,0.6666666666666666,0.6666666666666666
235,2018-12- Barcelona,0.30926337728835535,0.06779746100297049,0.7646581000951986,0.6735686464450767,0.0034474709568527466,0.0,0.182973940361798,0.3333333333333333,0.3333333333333333
236,2018-12-Bilbao,0.2696396728439299,0.06789765578034654,0.7921596928431501,0.3407824462627273,0.02443801156358018,0.0,0.47913039941963664,0.6666666666666666,0.6666666666666666
237,2018-12-Madrid,0.19667313276488863,0.06798805883097284,0.8603407068637093,0.24467246411699217,0.017733831889127853,0.0,0.47898910272664397,0.3333333333333333,0.6666666666666666
238,2018-12-Seville,0.348663734899639,0.0679571484137201,0.8056058208747949,0.3440557795479347,0.012279093564134813,0.0,0.14859962874855942,0.3333333333333333,0.3333333333333333
239,2018-12-Valencia,0.3516938630257734,0.06786321463419878,0.7391126317293861,0.38906597329812603,0.003739766584226655,0.0,0.15278612803741395,0.3333333333333333,0.3333333333333333
